[
    {
        "name": "测试",
        "value": {
            "route": "test/test",
            "pid": "DEMO2"
        }
    },
    {
        "name": "OA模拟",
        "value": {
            "CreateTime": 0,
            "Event": "subscribe",
            "EventKey": "",
            "FromUserName": "os85tuO2OaiWSHPi2UECnU5TlDrk",
            "MsgType": "event",
            "ToUserName": "gh_12824cfe1b7b",
            "userInfo": {
                "appId": "wx1a3ad7903d85f33a",
                "openId": "os85tuO2OaiWSHPi2UECnU5TlDrk"
            }
        }
    },
    {
        "name": "支付回调",
        "value": {
            "outTradeNo": "X20211128170943-T0-M999900-pb95y",
            "transactionId": "transactionId1",
            "userInfo": {
                "openId": "userid3243l4l3j24324324"
            }
        }
    },
    {
        "name": "MEET JOIN 测试",
        "value": {
            "route": "test/meet_test_join",
            "pid": "DEMO2"
        }
    }
]